City_ID,City,Country,Date,Lat,Lng,Max Temp,Humidity,Cloudiness,Wind Speed
0,Rikitea,PF,2021-07-15 00:38:03,-23.1203,-134.9692,73.49,68,0,8.1
1,Zhigansk,RU,2021-07-15 00:42:40,66.7697,123.3711,55.06,41,5,12.06
2,Vardo,NO,2021-07-15 00:42:40,70.3705,31.1107,49.53,91,100,1.19
3,Tiksi,RU,2021-07-15 00:42:40,71.6872,128.8694,42.84,67,95,19.1
4,Albany,US,2021-07-15 00:42:41,42.6001,-73.9662,74.14,94,0,3.29
5,Ranong,TH,2021-07-15 00:42:41,9.9658,98.6348,76.93,87,97,6.55
6,Huarmey,PE,2021-07-15 00:42:41,-10.0681,-78.1522,64.53,83,46,11.34
7,Bluff,NZ,2021-07-15 00:42:41,-46.6,168.3333,46.8,62,100,8.21
8,Tual,ID,2021-07-15 00:42:42,-5.6667,132.75,80.47,84,100,17.27
9,Kodiak,US,2021-07-15 00:42:42,57.79,-152.4072,56.71,67,1,5.75
10,Port Hedland,AU,2021-07-15 00:42:42,-20.3167,118.5667,66.25,59,5,8.05
11,Mataura,NZ,2021-07-15 00:42:43,-46.1927,168.8643,46.47,73,100,1.14
12,Vaini,TO,2021-07-15 00:42:43,-21.2,-175.2,71.76,94,90,12.66
13,Locri,IT,2021-07-15 00:42:43,38.2414,16.2623,77.58,78,0,17.87
14,Kyra,RU,2021-07-15 00:42:43,49.5776,111.9753,67.41,64,0,5.79
15,Leningradskiy,RU,2021-07-15 00:42:44,69.3833,178.4167,44.67,88,100,7.05
16,Saldanha,ZA,2021-07-15 00:38:44,-33.0117,17.9442,41.05,69,0,4.79
17,Barrow,US,2021-07-15 00:40:03,71.2906,-156.7887,37.42,75,75,9.22
18,Havoysund,NO,2021-07-15 00:42:44,70.9963,24.6622,50.88,87,0,10.02
19,Busselton,AU,2021-07-15 00:39:46,-33.65,115.3333,50.09,64,100,23.15
20,Cherskiy,RU,2021-07-15 00:42:44,68.75,161.3,68.38,44,10,11.95
21,Ushuaia,AR,2021-07-15 00:38:23,-54.8,-68.3,29.86,86,75,3.44
22,Hambantota,LK,2021-07-15 00:42:44,6.1241,81.1185,77.34,100,20,2.3
23,Walvis Bay,NA,2021-07-15 00:42:45,-22.9575,14.5053,56.35,21,0,2.3
24,Hithadhoo,MV,2021-07-15 00:42:45,-0.6,73.0833,82.02,77,73,9.6
25,Castro,BR,2021-07-15 00:42:45,-24.7911,-50.0119,55.74,63,95,3.65
26,Hanko,FI,2021-07-15 00:42:45,59.8333,22.95,73.83,85,8,2.68
27,Santa Maria,BR,2021-07-15 00:42:46,-29.6842,-53.8069,60.1,100,75,4.61
28,Lakatoro,VU,2021-07-15 00:42:46,-16.0999,167.4164,81.27,75,100,17.94
29,Alyangula,AU,2021-07-15 00:42:47,-13.8483,136.4192,82.27,69,66,12.66
30,Lata,PT,2021-07-15 00:42:47,40.1629,-8.3327,73.04,60,51,3.53
31,Carman,CA,2021-07-15 00:42:47,49.4992,-98.0016,80.64,54,83,2.17
32,Qaanaaq,GL,2021-07-15 00:42:48,77.484,-69.3632,38.32,98,100,4.81
33,Port Alfred,ZA,2021-07-15 00:42:48,-33.5906,26.891,53.1,38,56,8.05
34,Tasiilaq,GL,2021-07-15 00:37:53,65.6145,-37.6368,41.16,94,100,1.03
35,Okhotsk,RU,2021-07-15 00:39:06,59.3833,143.3,75.94,43,0,13.69
36,San Cristobal,VE,2021-07-15 00:42:48,7.7669,-72.225,77.18,94,100,2.46
37,Ucluelet,CA,2021-07-15 00:38:18,48.9329,-125.5528,85.05,82,16,1.01
38,Faanui,PF,2021-07-15 00:42:48,-16.4833,-151.75,79.93,73,7,19.39
39,Kapaa,US,2021-07-15 00:42:49,22.0752,-159.319,84.18,78,75,1.99
40,Port Hardy,CA,2021-07-15 00:42:49,50.6996,-127.4199,60.64,71,100,14.56
41,Urubicha,BO,2021-07-15 00:42:49,-15.3833,-62.95,74.98,51,0,2.8
42,Gizo,SB,2021-07-15 00:42:49,-8.103,156.8419,85.21,72,18,11.3
43,Bredasdorp,ZA,2021-07-15 00:38:41,-34.5322,20.0403,43.92,81,0,8.05
44,Kingman,US,2021-07-15 00:42:50,35.1894,-114.053,99.3,28,1,21.85
45,Penzance,GB,2021-07-15 00:42:50,50.1186,-5.5371,59.7,94,6,8.66
46,Constitucion,CL,2021-07-15 00:42:50,-35.3333,-72.4167,46.9,80,1,6.64
47,Lebu,CL,2021-07-15 00:42:50,-37.6167,-73.65,48.88,78,68,2.04
48,Elat,IL,2021-07-15 00:42:51,29.5581,34.9482,84.04,48,0,12.66
49,Barsovo,RU,2021-07-15 00:42:51,61.1667,73.1667,51.93,71,100,17.56
50,Yambio,SS,2021-07-15 00:42:51,4.5721,28.3955,66.24,96,100,2.48
51,Chapada Dos Guimaraes,BR,2021-07-15 00:42:51,-15.4606,-55.7497,73.06,32,0,5.82
52,Tikhvin,RU,2021-07-15 00:42:52,59.6451,33.5294,61.21,90,100,0.81
53,Paamiut,GL,2021-07-15 00:40:26,61.994,-49.6678,41.36,98,51,5.1
54,Punta Arenas,CL,2021-07-15 00:39:51,-53.15,-70.9167,37.51,93,90,3.44
55,Verkhoyansk,RU,2021-07-15 00:42:52,67.5447,133.385,57.07,47,30,6.08
56,Vila Franca Do Campo,PT,2021-07-15 00:42:52,37.7167,-25.4333,66.61,79,36,3.27
57,Atuona,PF,2021-07-15 00:42:53,-9.8,-139.0333,78.22,69,1,24.27
58,New Norfolk,AU,2021-07-15 00:42:53,-42.7826,147.0587,51.93,91,100,2.95
59,Pevek,RU,2021-07-15 00:42:53,69.7008,170.3133,40.91,88,100,3.4
60,Puerto Ayora,EC,2021-07-15 00:42:53,-0.7393,-90.3518,71.55,87,48,3.0
61,Butaritari,KI,2021-07-15 00:42:54,3.0707,172.7902,83.17,78,22,14.18
62,San Carlos Del Zulia,VE,2021-07-15 00:42:54,9.0,-71.9135,80.13,68,95,5.46
63,Kavieng,PG,2021-07-15 00:38:42,-2.5744,150.7967,85.01,69,97,10.51
64,Lompoc,US,2021-07-15 00:42:54,34.6391,-120.4579,78.94,74,1,12.66
65,Guerrero Negro,MX,2021-07-15 00:42:54,27.9769,-114.0611,74.01,68,100,16.55
66,Upernavik,GL,2021-07-15 00:42:55,72.7868,-56.1549,39.79,97,100,19.28
67,Bethel,US,2021-07-15 00:42:55,41.3712,-73.414,79.68,91,81,3.53
68,Solnechnyy,RU,2021-07-15 00:42:55,50.7214,136.6319,71.17,100,100,2.93
69,Tateyama,JP,2021-07-15 00:42:55,34.9833,139.8667,79.07,77,100,2.93
70,Pisco,PE,2021-07-15 00:40:11,-13.7,-76.2167,65.01,82,7,12.66
71,Ilulissat,GL,2021-07-15 00:42:56,69.2167,-51.1,41.02,87,75,14.97
72,Hobart,AU,2021-07-15 00:42:56,-42.8794,147.3294,52.27,89,75,1.99
73,Geraldton,AU,2021-07-15 00:39:15,-28.7667,114.6,61.21,63,75,13.8
74,Southbridge,US,2021-07-15 00:42:56,42.0751,-72.0334,76.32,93,21,3.96
75,Mount Isa,AU,2021-07-15 00:42:56,-20.7333,139.5,80.37,47,79,13.8
76,Labuhan,ID,2021-07-15 00:42:27,-6.8844,112.2051,78.12,71,100,11.81
77,Saint Anthony,US,2021-07-15 00:42:57,45.0205,-93.218,68.95,88,20,3.0
78,Kavaratti,IN,2021-07-15 00:42:57,10.5669,72.642,82.72,80,98,18.97
79,Kalevala,RU,2021-07-15 00:42:57,65.2,31.1667,57.13,88,80,4.79
80,Sao Miguel Do Araguaia,BR,2021-07-15 00:42:58,-13.275,-50.1628,73.87,32,0,4.16
81,Moindou,NC,2021-07-15 00:42:58,-21.6924,165.677,75.15,57,26,10.51
82,Neuquen,AR,2021-07-15 00:38:48,-38.9516,-68.0591,51.69,43,0,8.05
83,Hermanus,ZA,2021-07-15 00:42:58,-34.4187,19.2345,49.89,72,0,8.16
84,Biloela,AU,2021-07-15 00:42:58,-24.4167,150.5,72.77,64,72,12.66
85,Pleshanovo,RU,2021-07-15 00:42:59,52.8333,53.4833,56.89,59,6,3.31
86,Lyndon,US,2021-07-15 00:42:59,38.2567,-85.6016,83.8,77,20,9.22
87,Nizhniy Kuranakh,RU,2021-07-15 00:42:59,58.8353,125.4869,69.6,63,100,6.13
88,Srednekolymsk,RU,2021-07-15 00:42:59,67.45,153.6833,73.69,41,26,17.38
89,Hamilton,US,2021-07-15 00:43:00,39.1834,-84.5333,81.45,73,40,4.61
90,Cape Town,ZA,2021-07-15 00:42:04,-33.9258,18.4232,45.09,80,0,8.05
91,Jerico,CO,2021-07-15 00:43:00,5.7921,-75.786,66.11,89,100,2.26
92,Vetlanda,SE,2021-07-15 00:43:00,57.4289,15.0776,65.62,95,10,1.74
93,Santa Rosalia,MX,2021-07-15 00:43:00,27.3167,-112.2833,86.58,54,0,4.45
94,Kieta,PG,2021-07-15 00:43:01,-6.2167,155.6333,86.67,67,100,10.4
95,Tura,IN,2021-07-15 00:43:01,25.5198,90.2201,76.01,95,99,5.37
96,East London,ZA,2021-07-15 00:39:21,-33.0153,27.9116,52.41,46,2,6.33
97,Chuy,UY,2021-07-15 00:43:02,-33.6971,-53.4616,53.29,96,100,12.24
98,Tazovskiy,RU,2021-07-15 00:43:02,67.4667,78.7,47.71,65,78,3.02
99,Chokurdakh,RU,2021-07-15 00:43:02,70.6333,147.9167,43.2,83,100,19.08
100,Gayeri,BF,2021-07-15 00:43:03,12.6497,0.4931,80.78,67,11,9.78
101,Pacific Grove,US,2021-07-15 00:42:21,36.6177,-121.9166,84.45,81,40,4.0
102,Svetlogorsk,BY,2021-07-15 00:43:03,52.6333,29.7333,68.68,85,15,7.2
103,Sakakah,SA,2021-07-15 00:43:03,29.9697,40.2064,87.37,22,0,8.75
104,Kruisfontein,ZA,2021-07-15 00:38:47,-34.0033,24.7314,46.44,42,100,6.51
105,Arraial Do Cabo,BR,2021-07-15 00:38:05,-22.9661,-42.0278,71.56,83,0,11.5
106,Cabo San Lucas,MX,2021-07-15 00:43:03,22.8909,-109.9124,93.51,54,1,17.27
107,Yaan,NG,2021-07-15 00:43:04,7.3833,8.5667,72.86,94,100,7.9
108,Sorland,NO,2021-07-15 00:41:22,67.667,12.6934,55.98,86,100,4.72
109,Haines Junction,CA,2021-07-15 00:43:04,60.7522,-137.5108,49.24,86,100,2.1
110,Haimen,CN,2021-07-15 00:43:04,23.1935,116.6142,87.69,72,100,3.42
111,Fortuna,US,2021-07-15 00:43:05,40.5982,-124.1573,60.33,89,90,4.0
112,Ballina,AU,2021-07-15 00:43:05,-28.8667,153.5667,66.78,82,75,5.75
113,Hasaki,JP,2021-07-15 00:43:05,35.7333,140.8333,77.4,84,100,7.83
114,Kuytun,RU,2021-07-15 00:43:05,54.3419,101.5036,68.86,60,1,2.8
115,Inhambane,MZ,2021-07-15 00:43:06,-23.865,35.3833,67.42,68,97,14.74
116,Giaveno,IT,2021-07-15 00:43:06,45.047,7.3492,62.78,76,95,1.01
117,Iralaya,HN,2021-07-15 00:43:06,15.0,-83.2333,84.29,85,45,10.67
118,Kamaishi,JP,2021-07-15 00:43:06,39.2667,141.8833,74.35,79,50,6.44
119,Karratha,AU,2021-07-15 00:38:10,-20.7377,116.8463,68.07,50,5,14.81
120,Yulara,AU,2021-07-15 00:43:07,-25.2406,130.9889,57.04,72,12,4.61
121,Coahuayana,MX,2021-07-15 00:43:07,18.7333,-103.6833,83.03,82,93,2.82
122,Lagoa,PT,2021-07-15 00:43:07,39.05,-27.9833,68.49,83,100,14.2
123,Prince George,CA,2021-07-15 00:41:54,53.9166,-122.753,79.25,30,7,1.01
124,Hobyo,SO,2021-07-15 00:43:07,5.3505,48.5268,76.73,82,82,24.4
125,Iqaluit,CA,2021-07-15 00:43:08,63.7506,-68.5145,49.69,81,5,4.0
126,Talcahuano,CL,2021-07-15 00:43:08,-36.7167,-73.1167,44.28,93,0,2.3
127,Awjilah,LY,2021-07-15 00:43:08,29.1081,21.2869,81.66,34,4,9.46
128,Cachoeira Do Sul,BR,2021-07-15 00:43:09,-30.0392,-52.8939,61.45,84,100,3.31
129,Salalah,OM,2021-07-15 00:43:09,17.0151,54.0924,80.69,89,75,8.05
130,Kiunga,PG,2021-07-15 00:43:09,-6.1219,141.2906,78.87,91,100,2.1
131,Mahebourg,MU,2021-07-15 00:43:09,-20.4081,57.7,67.24,82,20,4.61
132,Tecoanapa,MX,2021-07-15 00:43:10,16.5167,-98.75,80.56,82,100,4.7
133,Mancora,PE,2021-07-15 00:43:10,-4.1078,-81.0475,68.58,78,66,5.99
134,Laguna,US,2021-07-15 00:43:10,38.421,-121.4238,100.24,34,1,5.99
135,Severo-Kurilsk,RU,2021-07-15 00:43:10,50.6789,156.125,52.27,94,100,15.23
136,Malibu,US,2021-07-15 00:43:11,34.005,-118.8101,94.51,81,34,1.99
137,Santa Rosa,PH,2021-07-15 00:41:32,14.3122,121.1114,85.1,80,100,0.94
138,Hilo,US,2021-07-15 00:42:11,19.7297,-155.09,82.13,74,40,11.5
139,Namibe,AO,2021-07-15 00:43:11,-15.1961,12.1522,65.26,79,2,7.78
140,Riyadh,SA,2021-07-15 00:42:00,24.6877,46.7219,86.14,17,71,3.83
141,Banjar,ID,2021-07-15 00:39:18,-8.19,114.9675,80.46,63,29,6.93
142,Kamenka,RU,2021-07-15 00:43:11,51.3223,42.7678,66.52,84,0,7.09
143,Sinnamary,GF,2021-07-15 00:43:12,5.3833,-52.95,77.25,87,80,8.55
144,Niceville,US,2021-07-15 00:40:05,30.5169,-86.4822,85.95,76,1,5.01
145,Qasigiannguit,GL,2021-07-15 00:43:12,68.8193,-51.1922,41.25,92,100,11.63
146,Comodoro Rivadavia,AR,2021-07-15 00:40:23,-45.8667,-67.5,48.06,43,0,20.71
147,Grand Gaube,MU,2021-07-15 00:43:13,-20.0064,57.6608,67.37,76,0,5.99
148,Xuddur,SO,2021-07-15 00:43:13,4.1213,43.8894,68.9,75,98,20.04
149,Cabra,ES,2021-07-15 00:43:13,37.4725,-4.4421,74.89,60,41,4.65
150,Coquimbo,CL,2021-07-15 00:43:13,-29.9533,-71.3436,53.33,87,0,4.61
151,Vares,BA,2021-07-15 00:43:14,44.1644,18.3283,63.82,79,33,1.1
152,Esperance,AU,2021-07-15 00:43:14,-33.8667,121.9,51.64,70,86,35.57
153,Harper,LR,2021-07-15 00:43:14,4.375,-7.7169,75.97,75,100,4.79
154,Hay River,CA,2021-07-15 00:43:15,60.8156,-115.7999,62.71,86,100,8.37
155,Nizhniy Tsasuchey,RU,2021-07-15 00:41:37,50.5167,115.1333,70.68,67,35,10.18
156,Pernem,IN,2021-07-15 00:43:15,15.7167,73.8,73.18,92,100,10.29
157,Bambanglipuro,ID,2021-07-15 00:43:15,-7.95,110.2833,59.61,74,100,9.78
158,Bambous Virieux,MU,2021-07-15 00:43:15,-20.3428,57.7575,67.21,82,20,4.61
159,Khani,GE,2021-07-15 00:43:16,41.9563,42.9566,62.17,91,100,4.43
160,Santa Isabel Do Rio Negro,BR,2021-07-15 00:40:30,-0.4139,-65.0192,72.55,98,24,1.81
161,Donskoy,RU,2021-07-15 00:43:16,53.9711,38.3363,65.34,72,9,5.1
162,Yeppoon,AU,2021-07-15 00:43:16,-23.1333,150.7333,73.18,67,42,9.37
163,Tuktoyaktuk,CA,2021-07-15 00:43:16,69.4541,-133.0374,38.5,71,100,22.15
164,Airai,TL,2021-07-15 00:43:17,-8.9266,125.4092,69.03,52,100,4.05
165,Nome,US,2021-07-15 00:41:38,64.5011,-165.4064,55.17,76,90,13.8
166,Hami,CN,2021-07-15 00:43:17,42.8,93.45,81.36,37,92,10.0
167,San Juan Bautista,PE,2021-07-15 00:43:17,-14.0108,-75.7358,60.17,66,1,1.88
168,Campos Novos,BR,2021-07-15 00:43:18,-27.4017,-51.225,56.14,76,100,2.68
169,Taoudenni,ML,2021-07-15 00:41:42,22.6783,-3.9836,98.29,5,0,6.31
170,Bubaque,GW,2021-07-15 00:43:18,11.2833,-15.8333,80.17,82,99,14.25
171,Cukai,MY,2021-07-15 00:43:18,4.25,103.4167,77.14,79,99,5.66
172,Saint George,US,2021-07-15 00:40:50,37.1041,-113.5841,102.67,26,1,5.99
173,Dongsheng,CN,2021-07-15 00:43:18,39.8161,109.9776,83.97,39,54,10.49
174,Ambon,ID,2021-07-15 00:43:19,-3.6954,128.1814,78.94,94,40,2.3
175,Provideniya,RU,2021-07-15 00:39:04,64.3833,-173.3,48.31,81,40,17.9
176,Fort Nelson,CA,2021-07-15 00:39:41,58.8053,-122.7002,74.53,39,84,10.74
177,Ponta Do Sol,PT,2021-07-15 00:43:19,32.6667,-17.1,71.71,83,1,4.65
178,Baruun-Urt,MN,2021-07-15 00:43:20,46.6806,113.2792,73.51,50,0,7.45
179,Kaitangata,NZ,2021-07-15 00:38:22,-46.2817,169.8464,48.92,56,100,3.31
180,Nanortalik,GL,2021-07-15 00:43:20,60.1432,-45.2371,45.99,83,2,9.06
181,Sembe,CG,2021-07-15 00:43:20,1.6481,14.5806,73.09,85,100,2.24
182,Portland,US,2021-07-15 00:40:07,45.5234,-122.6762,87.53,50,40,1.99
183,Xai-Xai,MZ,2021-07-15 00:43:21,-25.0519,33.6442,66.0,59,100,10.36
184,Jamestown,US,2021-07-15 00:38:34,42.097,-79.2353,73.04,64,1,10.36
185,Pemba,MZ,2021-07-15 00:43:21,-12.974,40.5178,68.7,88,20,6.91
186,Chumikan,RU,2021-07-15 00:43:21,54.7183,135.315,62.49,70,100,7.34
187,Villarrubia De Los Ojos,ES,2021-07-15 00:43:21,39.2209,-3.608,70.99,41,43,7.52
188,Waitati,NZ,2021-07-15 00:43:21,-45.75,170.5667,48.79,58,100,3.0
189,Georgetown,MY,2021-07-15 00:41:37,5.4112,100.3354,81.9,81,20,1.01
190,Charters Towers,AU,2021-07-15 00:42:52,-20.1,146.2667,77.04,60,64,11.74
191,Mar Del Plata,AR,2021-07-15 00:43:22,-38.0023,-57.5575,51.13,70,75,4.0
192,Cotonou,BJ,2021-07-15 00:43:22,6.3654,2.4183,78.78,89,40,13.8
193,Hualmay,PE,2021-07-15 00:43:22,-11.0964,-77.6139,63.46,82,54,10.33
194,Oistins,BB,2021-07-15 00:43:23,13.0667,-59.5333,80.69,74,20,17.27
195,Leh,IN,2021-07-15 00:43:23,34.1667,77.5833,57.96,58,14,5.99
196,Khatanga,RU,2021-07-15 00:43:23,71.9667,102.5,46.58,74,100,17.94
197,Adrar,MR,2021-07-15 00:41:47,20.5022,-10.0711,92.21,30,100,20.92
198,Maumere,ID,2021-07-15 00:42:40,-8.6199,122.2111,80.4,71,88,11.21
199,Monrovia,LR,2021-07-15 00:43:23,6.3005,-10.7969,76.73,81,97,9.37
200,Nelson Bay,AU,2021-07-15 00:43:24,-32.7167,152.15,64.45,82,11,9.04
201,Nortelandia,BR,2021-07-15 00:39:40,-14.4547,-56.8028,72.63,35,0,4.09
202,Kahului,US,2021-07-15 00:39:43,20.8947,-156.47,88.54,70,40,26.46
203,Fallon,US,2021-07-15 00:43:24,39.4735,-118.7774,102.07,7,20,8.05
204,Belz,FR,2021-07-15 00:43:24,47.6751,-3.168,62.1,93,83,7.47
205,Agadez,NE,2021-07-15 00:43:25,19.75,10.25,93.06,13,93,18.16
206,Merauke,ID,2021-07-15 00:40:35,-8.4667,140.3333,82.76,78,65,12.1
207,Male,MV,2021-07-15 00:42:50,4.1748,73.5089,82.35,89,75,4.61
208,Havelock,US,2021-07-15 00:43:25,34.8791,-76.9013,82.63,85,39,3.0
209,Okahandja,NA,2021-07-15 00:43:25,-21.9833,16.9167,44.91,23,0,8.77
210,Uberlandia,BR,2021-07-15 00:43:25,-18.9186,-48.2772,69.01,42,0,5.75
211,Verkhnyaya Inta,RU,2021-07-15 00:43:26,65.9811,60.3094,56.48,55,100,5.88
212,Port Elizabeth,ZA,2021-07-15 00:40:30,-33.918,25.5701,41.29,87,0,5.75
213,Bengkulu,ID,2021-07-15 00:43:26,-3.8004,102.2655,76.44,71,87,3.94
214,Rio Brilhante,BR,2021-07-15 00:43:27,-21.8019,-54.5464,72.91,39,100,4.56
215,Chernyshevskiy,RU,2021-07-15 00:43:27,63.0128,112.4714,59.23,61,98,11.79
216,Cidreira,BR,2021-07-15 00:43:27,-30.1811,-50.2056,61.23,84,100,6.89
217,Kathmandu,NP,2021-07-15 00:40:31,27.7167,85.3167,70.02,94,75,4.61
218,Kenai,US,2021-07-15 00:41:56,60.5544,-151.2583,65.03,74,1,11.5
219,Kinkala,CG,2021-07-15 00:43:28,-4.3614,14.7644,64.71,62,43,3.65
220,Antalaha,MG,2021-07-15 00:43:28,-14.9003,50.2788,65.97,87,10,8.39
221,Xapuri,BR,2021-07-15 00:43:29,-10.6517,-68.5044,78.13,57,2,1.81
222,Lima,PE,2021-07-15 00:40:42,-12.0432,-77.0282,61.9,84,90,10.36
223,Rio Grande,BR,2021-07-15 00:43:29,-32.035,-52.0986,59.95,98,100,9.01
224,Warmbad,NA,2021-07-15 00:43:29,-28.45,18.7333,41.34,29,0,11.07
225,Talnakh,RU,2021-07-15 00:43:29,69.4865,88.3972,52.18,53,18,1.95
226,Komsomolskiy,UZ,2021-07-15 00:41:33,40.4272,71.7189,74.12,40,63,6.91
227,Naze,JP,2021-07-15 00:43:30,28.3667,129.4833,83.32,77,100,9.46
228,Ferrol,ES,2021-07-15 00:43:30,43.4832,-8.2369,63.12,84,90,10.31
229,Joao Camara,BR,2021-07-15 00:43:30,-5.5375,-35.8197,74.44,90,46,10.42
230,Torbay,CA,2021-07-15 00:38:59,47.6666,-52.7314,62.89,83,3,15.97
231,Uyskoye,RU,2021-07-15 00:43:31,54.3775,60.0047,49.51,69,18,5.17
232,Ust-Nera,RU,2021-07-15 00:43:31,64.5667,143.2,71.44,48,9,9.98
233,Taltal,CL,2021-07-15 00:43:31,-25.4,-70.4833,57.6,78,0,4.61
234,Jurado,CO,2021-07-15 00:43:31,7.1053,-77.7641,76.62,89,100,2.21
235,Machacamarca,BO,2021-07-15 00:43:32,-18.1667,-67.0333,51.78,40,100,4.54
236,Ancud,CL,2021-07-15 00:39:41,-41.8697,-73.8203,44.13,78,27,4.52
237,Channelview,US,2021-07-15 00:43:32,29.7761,-95.1146,85.14,84,100,7.92
238,Tekeli,KZ,2021-07-15 00:41:16,44.83,78.8239,64.09,59,11,5.14
239,Killybegs,IE,2021-07-15 00:43:32,54.6333,-8.45,59.45,89,100,6.06
240,Luderitz,NA,2021-07-15 00:43:32,-26.6481,15.1594,55.87,35,0,6.71
241,Aklavik,CA,2021-07-15 00:43:33,68.2191,-135.0107,40.48,66,100,19.22
242,Vila Velha,BR,2021-07-15 00:42:38,-20.3297,-40.2925,71.55,88,75,2.3
243,Yellowknife,CA,2021-07-15 00:43:33,62.456,-114.3525,75.33,53,100,1.99
244,Dikson,RU,2021-07-15 00:43:33,73.5069,80.5464,35.62,98,100,13.29
245,Codrington,AU,2021-07-15 00:43:33,-38.2667,141.9667,55.56,75,100,16.58
246,Ostersund,SE,2021-07-15 00:43:34,63.1792,14.6357,63.61,94,75,10.36
247,Maloy,NO,2021-07-15 00:43:34,61.9353,5.1136,63.07,86,93,20.24
248,Alta Floresta,BR,2021-07-15 00:43:34,-9.8756,-56.0861,71.42,68,0,2.3
249,Sinop,TR,2021-07-15 00:43:36,41.7711,34.8709,64.58,78,0,5.1
250,Clyde River,CA,2021-07-15 00:43:36,70.4692,-68.5914,44.69,69,27,2.01
251,Avarua,CK,2021-07-15 00:43:36,-21.2078,-159.775,82.45,74,40,10.36
252,Edgewater,US,2021-07-15 00:43:36,28.9889,-80.9023,82.02,83,40,5.75
253,Kysyl-Syr,RU,2021-07-15 00:43:37,63.8986,122.7617,56.25,54,100,8.72
254,Thompson,CA,2021-07-15 00:43:37,55.7435,-97.8558,81.64,27,53,1.72
255,Touba,CI,2021-07-15 00:43:37,8.2833,-7.6833,68.88,98,100,6.64
256,Muros,ES,2021-07-15 00:43:37,42.7762,-9.0603,64.09,74,82,13.87
257,Karatau,KZ,2021-07-15 00:43:38,43.1667,70.4667,64.8,35,0,2.33
258,Kloulklubed,PW,2021-07-15 00:43:38,7.0419,134.2556,84.7,74,100,9.46
259,Stornoway,GB,2021-07-15 00:43:38,58.2093,-6.3865,57.92,82,90,3.44
260,Souillac,MU,2021-07-15 00:40:26,-20.5167,57.5167,67.35,82,20,4.61
261,Batemans Bay,AU,2021-07-15 00:43:38,-35.7167,150.1833,62.98,51,3,6.98
262,Waipawa,NZ,2021-07-15 00:43:39,-41.4122,175.5153,54.23,72,26,20.83
263,Zabol,AF,2021-07-15 00:43:39,32.25,67.25,70.7,60,0,6.38
264,Ayorou,NE,2021-07-15 00:43:39,14.7308,0.9174,87.93,49,6,13.73
265,Cervo,ES,2021-07-15 00:43:39,43.6702,-7.4101,61.97,89,98,6.33
266,Parrita,CR,2021-07-15 00:43:40,9.5201,-84.3225,89.37,94,100,9.06
267,Abnub,EG,2021-07-15 00:43:40,27.2696,31.1511,82.47,29,7,10.0
268,San Pedro De Uraba,CO,2021-07-15 00:43:40,8.2752,-76.3764,76.87,92,100,2.19
269,Ribeira Grande,PT,2021-07-15 00:43:40,38.5167,-28.7,70.2,88,75,5.75
270,Brae,GB,2021-07-15 00:43:41,60.3964,-1.353,53.51,82,45,21.9
271,San Buenaventura,MX,2021-07-15 00:43:41,27.0833,-101.5333,83.48,63,100,2.57
272,Saskylakh,RU,2021-07-15 00:43:41,71.9167,114.0833,50.58,51,100,20.96
273,Westport,US,2021-07-15 00:43:41,41.1415,-73.3579,81.75,89,1,5.99
274,College,US,2021-07-15 00:43:42,64.8569,-147.8028,67.21,75,75,8.05
275,Florianopolis,BR,2021-07-15 00:43:42,-27.6146,-48.5012,67.62,84,0,10.36
276,Tubuala,PA,2021-07-15 00:43:42,9.5167,-79.0333,80.71,86,100,9.6
277,Sao Jose Da Coroa Grande,BR,2021-07-15 00:38:59,-8.8978,-35.1478,75.27,88,34,11.41
278,Romita,MX,2021-07-15 00:43:11,20.8667,-101.5167,77.63,38,75,8.05
279,Rocha,UY,2021-07-15 00:43:42,-34.4833,-54.3333,51.91,96,100,9.44
280,Bukachacha,RU,2021-07-15 00:41:23,52.9833,116.9167,66.04,74,93,3.78
281,Krasnoarmeysk,RU,2021-07-15 00:43:43,51.0239,45.6969,66.63,86,25,6.04
282,Tondano,ID,2021-07-15 00:43:43,1.3038,124.9112,77.09,70,39,3.2
283,Fraga,ES,2021-07-15 00:43:43,41.5229,0.3489,64.53,67,83,6.2
284,Tiznit,MA,2021-07-15 00:41:25,29.5833,-9.5,73.9,48,1,1.19
285,Severo-Yeniseyskiy,RU,2021-07-15 00:43:44,60.3725,93.0408,65.08,65,100,3.8
286,Dharmanagar,IN,2021-07-15 00:43:44,24.3667,92.1667,78.08,95,100,1.1
287,Port Lincoln,AU,2021-07-15 00:43:44,-34.7333,135.8667,58.96,70,15,21.41
288,Nikolskoye,RU,2021-07-15 00:43:44,59.7035,30.7861,71.49,90,96,0.27
289,Half Moon Bay,US,2021-07-15 00:39:51,37.4636,-122.4286,86.74,72,20,1.01
290,Puerto Narino,CO,2021-07-15 00:43:45,-3.7703,-70.3831,78.75,97,14,0.94
291,Jumla,NP,2021-07-15 00:43:45,29.2747,82.1838,63.19,95,92,1.48
292,La Asuncion,VE,2021-07-15 00:43:45,11.0333,-63.8628,78.04,86,9,12.53
293,Saint-Pierre,RE,2021-07-15 00:43:45,-21.3393,55.4781,65.84,78,0,10.36
294,Tessalit,ML,2021-07-15 00:43:46,20.1986,1.0114,92.91,27,97,9.89
295,Anchorage,US,2021-07-15 00:42:10,61.2181,-149.9003,69.21,60,1,6.91
296,Qaqortoq,GL,2021-07-15 00:43:46,60.7167,-46.0333,48.7,80,6,2.68
297,Yar-Sale,RU,2021-07-15 00:43:46,66.8333,70.8333,51.12,57,0,5.84
298,Bayan,CN,2021-07-15 00:43:46,46.0833,127.4,83.35,76,75,11.36
299,Bundaberg,AU,2021-07-15 00:43:47,-24.85,152.35,75.49,64,74,13.8
300,Piacabucu,BR,2021-07-15 00:43:47,-10.4056,-36.4344,74.19,87,5,8.77
301,Baherden,TM,2021-07-15 00:43:47,38.4362,57.4316,76.46,22,10,4.16
302,Santa Cruz,BO,2021-07-15 00:38:55,-17.8,-63.1667,76.46,73,40,11.5
303,Methoni,GR,2021-07-15 00:42:09,36.8197,21.7049,80.22,69,0,7.76
304,Arcata,US,2021-07-15 00:43:07,40.8665,-124.0828,60.58,82,90,3.0
305,Taua,BR,2021-07-15 00:43:48,-5.9667,-40.3,73.15,47,6,6.13
306,Polunochnoye,RU,2021-07-15 00:43:48,60.8697,60.4153,48.9,62,4,0.6
307,Touros,BR,2021-07-15 00:43:48,-5.1989,-35.4608,76.1,84,12,12.12
308,Bonavista,CA,2021-07-15 00:43:48,48.6499,-53.1147,59.45,72,6,16.46
309,Udachnyy,RU,2021-07-15 00:42:56,66.4167,112.4,55.63,43,11,3.09
310,Utinga,BR,2021-07-15 00:43:48,-5.8172,-35.3954,76.05,88,40,6.91
311,Maningrida,AU,2021-07-15 00:43:49,-12.0667,134.2667,84.11,55,79,9.37
312,Roald,NO,2021-07-15 00:43:49,62.5833,6.1333,63.91,94,20,11.5
313,Bathsheba,BB,2021-07-15 00:43:49,13.2167,-59.5167,81.21,74,20,17.27
314,Camacha,PT,2021-07-15 00:43:49,33.0833,-16.3333,65.62,77,75,12.66
315,Ilaya,PH,2021-07-15 00:43:50,5.8153,125.2267,83.64,71,81,0.4
316,Havre-Saint-Pierre,CA,2021-07-15 00:43:50,50.2334,-63.5986,57.78,86,100,7.16
317,Topolovgrad,BG,2021-07-15 00:43:50,42.0833,26.3333,64.65,91,0,4.21
318,Rio Gallegos,AR,2021-07-15 00:41:41,-51.6226,-69.2181,33.85,93,90,10.36
319,Fairbanks,US,2021-07-15 00:43:51,64.8378,-147.7164,67.23,75,90,10.36
320,Berlevag,NO,2021-07-15 00:43:03,70.8578,29.0864,48.83,87,20,3.13
321,Hit,IQ,2021-07-15 00:43:51,33.6416,42.8251,88.88,20,0,10.29
322,Jalu,LY,2021-07-15 00:43:51,29.0331,21.5482,82.4,30,2,8.7
323,Dryden,CA,2021-07-15 00:43:52,49.7833,-92.7503,69.46,49,100,3.91
324,Gladstone,AU,2021-07-15 00:43:52,-23.85,151.25,74.79,78,90,2.3
325,Mecca,SA,2021-07-15 00:42:15,21.4267,39.8261,85.93,21,33,2.64
326,Norman Wells,CA,2021-07-15 00:43:52,65.282,-126.8329,46.83,91,100,12.35
327,Nishihara,JP,2021-07-15 00:43:53,26.1842,127.7558,85.68,77,75,9.22
328,Vung Tau,VN,2021-07-15 00:43:53,10.346,107.0843,78.51,88,100,10.85
329,Ciudad Bolivar,VE,2021-07-15 00:43:53,8.1222,-63.5497,78.03,81,90,9.22
330,Merrill,US,2021-07-15 00:43:54,45.1805,-89.6835,67.77,97,90,0.0
331,Dorogino,RU,2021-07-15 00:43:54,54.3598,83.3198,57.42,89,100,13.44
332,Marsa Matruh,EG,2021-07-15 00:43:54,31.3525,27.2453,77.59,75,0,11.12
333,Caravelas,BR,2021-07-15 00:43:55,-17.7125,-39.2481,70.43,90,0,4.32
334,Batagay,RU,2021-07-15 00:43:55,67.6333,134.6333,56.52,42,11,4.76
335,Sao Filipe,CV,2021-07-15 00:43:55,14.8961,-24.4956,74.21,89,67,9.95
336,Tarbes,FR,2021-07-15 00:43:55,43.25,0.1667,59.47,94,90,3.44
337,Tete,MZ,2021-07-15 00:43:56,-16.1564,33.5867,67.55,78,39,8.93
338,Jermuk,AM,2021-07-15 00:43:56,39.8417,45.6723,50.63,86,98,5.37
339,Tari,NG,2021-07-15 00:43:56,12.4086,4.4914,84.24,61,100,10.04
340,Rumonge,BI,2021-07-15 00:43:57,-3.9736,29.4386,72.86,71,100,5.57
341,Asau,RO,2021-07-15 00:43:57,46.4333,26.4,69.76,86,0,3.89
342,Jawhar,SO,2021-07-15 00:43:57,2.7809,45.5005,72.28,80,99,15.86
343,Turukhansk,RU,2021-07-15 00:43:58,65.8167,87.9833,58.5,50,97,9.95
344,Groa,NO,2021-07-15 00:43:58,62.65,8.7167,59.09,95,100,2.77
345,Maragogi,BR,2021-07-15 00:43:58,-9.0122,-35.2225,74.89,88,42,11.56
346,Taitung,TW,2021-07-15 00:42:32,22.7583,121.1444,80.87,83,75,4.61
347,Libenge,CD,2021-07-15 00:43:58,3.65,18.6333,71.62,88,79,1.52
348,Kununurra,AU,2021-07-15 00:43:59,-15.7667,128.7333,71.58,49,10,1.14
349,Paranhos,BR,2021-07-15 00:43:59,-23.8928,-55.4311,68.59,41,52,5.41
350,Labrea,BR,2021-07-15 00:43:59,-7.2586,-64.7981,78.69,53,12,1.81
351,Monopoli,IT,2021-07-15 00:43:59,40.9559,17.2896,80.74,59,0,13.8
352,Hauterive,FR,2021-07-15 00:44:00,46.0901,3.4459,65.16,98,100,3.44
353,Gorlice,PL,2021-07-15 00:44:00,49.6556,21.1604,65.57,87,96,2.19
354,Champerico,GT,2021-07-15 00:44:00,14.3,-91.9167,83.35,74,100,6.02
355,Winder,US,2021-07-15 00:44:01,33.9926,-83.7202,82.71,91,1,0.0
356,Lorengau,PG,2021-07-15 00:44:01,-2.0226,147.2712,85.44,71,56,8.3
357,Buin,CL,2021-07-15 00:44:01,-33.7333,-70.75,54.05,59,0,4.47
358,Katherine,AU,2021-07-15 00:44:01,-14.4667,132.2667,79.12,61,10,1.14
359,Wajima,JP,2021-07-15 00:44:01,37.4,136.9,83.08,69,75,2.3
360,Basoko,CD,2021-07-15 00:44:02,1.2391,23.616,74.16,75,100,0.43
361,Garowe,SO,2021-07-15 00:44:02,8.4054,48.4845,77.0,56,21,19.57
362,Port-Cartier,CA,2021-07-15 00:44:02,50.0334,-66.8654,59.94,99,100,6.2
363,Orange Cove,US,2021-07-15 00:44:03,36.6244,-119.3137,104.61,30,1,5.75
364,Vao,NC,2021-07-15 00:40:24,-22.6667,167.4833,69.75,61,98,15.95
365,Saint-Francois,FR,2021-07-15 00:44:03,46.4154,3.9054,62.47,93,90,6.91
366,Port Hawkesbury,CA,2021-07-15 00:44:03,45.6169,-61.3485,63.7,91,100,4.0
367,Marsabit,KE,2021-07-15 00:44:03,2.3284,37.9899,59.76,74,49,20.69
368,Dedougou,BF,2021-07-15 00:44:04,12.4667,-3.4667,79.75,64,24,7.76
369,Katsuura,JP,2021-07-15 00:44:04,35.1333,140.3,80.71,76,100,5.12
370,Bugko,PH,2021-07-15 00:44:04,12.5356,124.7923,85.8,67,20,2.48
371,Jishui,CN,2021-07-15 00:44:04,33.7333,115.4,80.11,88,100,8.75
372,Kondinskoye,RU,2021-07-15 00:44:06,59.6481,67.41,46.49,82,100,13.58
373,Atar,MR,2021-07-15 00:44:06,20.5169,-13.0499,89.24,35,0,14.32
374,Te Anau,NZ,2021-07-15 00:44:06,-45.4167,167.7167,47.8,90,100,0.51
375,Catamarca,AR,2021-07-15 00:39:10,-28.4696,-65.7852,53.04,71,0,0.85
376,Mwinilunga,ZM,2021-07-15 00:44:07,-11.7358,24.4293,54.64,53,7,3.04
377,Yumbo,CO,2021-07-15 00:44:07,3.5823,-76.4915,76.77,65,75,10.36
378,Bilibino,RU,2021-07-15 00:44:07,68.0546,166.4372,62.15,59,100,2.89
379,Moree,AU,2021-07-15 00:44:07,-29.4667,149.85,66.22,77,100,14.97
380,Korla,CN,2021-07-15 00:44:08,41.7597,86.1469,78.57,35,100,2.42
381,Luganville,VU,2021-07-15 00:44:08,-15.5333,167.1667,80.1,83,100,14.56
382,Tira Sujanpur,IN,2021-07-15 00:44:08,31.8333,76.5,75.51,89,100,2.68
383,Iskateley,RU,2021-07-15 00:39:35,67.6803,53.1512,55.94,81,100,6.64
384,Broome,US,2021-07-15 00:44:08,42.2506,-75.833,73.98,84,40,4.61
385,Saint-Georges,GD,2021-07-15 00:44:09,12.0564,-61.7485,80.28,78,20,11.5
386,Hofn,IS,2021-07-15 00:44:09,64.2539,-15.2082,52.43,65,5,7.47
387,Nara,JP,2021-07-15 00:44:09,34.6851,135.8049,80.96,94,28,4.88
388,Lydenburg,ZA,2021-07-15 00:44:09,-25.0978,30.4597,41.27,79,99,2.26
389,Valle Hermoso,MX,2021-07-15 00:44:10,25.6667,-97.8333,86.14,65,100,11.74
390,Farafangana,MG,2021-07-15 00:44:10,-22.8167,47.8333,65.62,91,35,1.74
391,Raudeberg,NO,2021-07-15 00:44:10,61.9875,5.1352,62.2,86,92,21.05
392,Zmeinogorsk,RU,2021-07-15 00:44:11,51.1567,82.195,55.62,89,56,10.67
393,Rozkishne,UA,2021-07-15 00:44:11,48.5074,39.3004,68.95,51,0,2.48
394,Minot,US,2021-07-15 00:44:11,48.2325,-101.2963,84.78,33,1,3.0
395,Kristiansund,NO,2021-07-15 00:44:11,63.1115,7.732,60.85,88,90,11.5
396,Vostok,RU,2021-07-15 00:44:12,46.4856,135.8833,83.61,60,100,2.42
397,Kaitong,CN,2021-07-15 00:44:12,44.8135,123.15,80.85,76,100,15.93
398,Chake Chake,TZ,2021-07-15 00:44:12,-5.2459,39.7666,74.01,84,12,9.86
399,Miraflores,MX,2021-07-15 00:44:13,19.2167,-98.8083,66.61,91,100,3.11
400,Victoria,HK,2021-07-15 00:41:15,22.2855,114.1577,90.25,81,20,1.01
401,Elumalai,IN,2021-07-15 00:44:13,9.8667,77.7,79.7,70,100,2.35
402,Lukoyanov,RU,2021-07-15 00:44:13,55.0277,44.4786,67.48,82,93,2.82
403,Moerai,PF,2021-07-15 00:44:13,-22.4333,-151.3333,75.7,73,13,11.14
404,Biak,ID,2021-07-15 00:44:14,-0.9131,122.8766,77.0,89,100,5.84
405,Hede,CN,2021-07-15 00:44:14,33.7681,120.2517,83.21,83,100,10.25
406,Kanigoro,ID,2021-07-15 00:44:14,-8.13,112.219,76.87,73,76,11.05
407,Ergani,TR,2021-07-15 00:44:15,38.2653,39.7621,79.52,49,0,11.36
408,Mount Pleasant,US,2021-07-15 00:44:15,32.7941,-79.8626,84.18,76,1,3.0
409,Arlit,NE,2021-07-15 00:39:59,18.7369,7.3853,90.91,33,99,14.09
410,San-Pedro,CI,2021-07-15 00:44:15,4.7485,-6.6363,75.15,79,100,4.76
411,Razole,IN,2021-07-15 00:44:15,16.4833,81.8333,76.98,93,100,5.73
412,Pedroso,PT,2021-07-15 00:44:15,41.411,-8.749,72.77,82,0,0.0
413,Kilindoni,TZ,2021-07-15 00:44:16,-7.9139,39.6668,76.93,74,12,19.39
414,Novyy Svit,UA,2021-07-15 00:44:16,47.8059,38.0211,70.11,46,0,5.95
415,Lasa,IT,2021-07-15 00:44:16,46.6166,10.7002,54.48,90,100,3.06
416,Hirara,JP,2021-07-15 00:44:16,24.8,125.2833,86.27,74,40,6.91
417,Englehart,CA,2021-07-15 00:44:17,47.8169,-79.8664,63.73,89,100,4.74
418,Klaksvik,FO,2021-07-15 00:44:17,62.2266,-6.589,52.72,84,31,27.38
419,Pangnirtung,CA,2021-07-15 00:44:17,66.1451,-65.7125,48.74,71,100,6.93
420,Altay,CN,2021-07-15 00:44:17,47.8667,88.1167,70.16,41,43,1.99
421,Ukiah,US,2021-07-15 00:44:18,39.1502,-123.2078,97.52,29,1,6.91
422,Zeya,RU,2021-07-15 00:44:18,53.75,127.2667,72.37,98,100,6.04
423,Chase,CA,2021-07-15 00:44:18,50.8165,-119.6857,94.32,13,3,8.03
424,Tunduma,TZ,2021-07-15 00:44:18,-9.3,32.7667,54.03,88,18,9.31
425,San Patricio,US,2021-07-15 00:44:19,28.017,-97.5169,86.41,71,17,9.53
426,Erdenet,MN,2021-07-15 00:44:19,49.0333,104.0833,66.25,64,2,2.84
427,Wajid,SO,2021-07-15 00:44:19,3.8093,43.2471,70.07,75,100,20.56
428,Ostrovnoy,RU,2021-07-15 00:40:46,68.0531,39.5131,50.09,98,100,13.44
429,Hella,NO,2021-07-15 00:44:19,67.2,14.4333,65.88,78,75,3.44
430,Mounana,GA,2021-07-15 00:44:19,-1.4085,13.1586,74.44,70,100,2.06
431,Port Blair,IN,2021-07-15 00:40:09,11.6667,92.75,81.41,81,100,8.99
432,San Ignacio,BZ,2021-07-15 00:44:20,17.1561,-89.0714,78.94,89,0,6.91
433,Marsaxlokk,MT,2021-07-15 00:44:20,35.8419,14.5431,78.08,83,0,5.75
434,Warrington,GB,2021-07-15 00:44:20,53.3925,-2.5802,65.89,90,23,6.2
435,Praya,CV,2021-07-15 00:44:20,14.9215,-23.5087,77.54,83,20,3.44
436,Umm Lajj,SA,2021-07-15 00:44:21,25.0213,37.2685,83.66,54,16,6.35
437,Nosy Varika,MG,2021-07-15 00:44:21,-20.5833,48.5333,64.94,92,83,4.5
438,Tomatlan,MX,2021-07-15 00:44:21,19.9333,-105.25,84.09,74,26,4.03
439,Lodwar,KE,2021-07-15 00:44:22,3.1191,35.5973,80.65,54,91,5.73
440,Roebourne,AU,2021-07-15 00:44:22,-20.7833,117.1333,68.49,49,6,14.74
441,Calamar,CO,2021-07-15 00:44:22,10.2511,-74.9146,82.35,82,68,6.62
442,La Ronge,CA,2021-07-15 00:44:22,55.1001,-105.2842,69.78,35,14,6.89
443,Kalemie,CD,2021-07-15 00:44:23,-5.9475,29.1947,70.68,58,54,0.89
444,Rayagada,IN,2021-07-15 00:44:23,19.1667,83.4167,77.95,92,98,2.15
445,Port Keats,AU,2021-07-15 00:44:23,-14.25,129.55,84.22,32,96,4.09
446,Yarada,IN,2021-07-15 00:44:23,17.65,83.2667,79.12,100,75,2.3
447,Baragua,CU,2021-07-15 00:44:24,21.6967,-78.6328,77.59,84,0,8.46
448,Bara,NG,2021-07-15 00:44:24,10.3744,10.7288,76.55,79,100,4.21
449,Matagami,CA,2021-07-15 00:44:24,49.7502,-77.6328,56.26,85,100,5.03
450,Kautokeino,NO,2021-07-15 00:44:24,69.0125,23.0412,57.56,73,94,6.62
451,Zhanaozen,KZ,2021-07-15 00:44:25,43.3,52.8,74.86,39,0,11.77
452,Saint-Joseph,RE,2021-07-15 00:43:05,-21.3667,55.6167,64.76,75,16,10.8
453,High Level,CA,2021-07-15 00:44:25,58.5169,-117.136,84.97,31,97,7.52
454,Vilkija,LT,2021-07-15 00:44:25,55.05,23.5833,67.93,92,13,1.41
455,Santarem,BR,2021-07-15 00:44:25,-2.4431,-54.7083,75.33,88,0,0.0
456,Nhulunbuy,AU,2021-07-15 00:44:26,-12.2333,136.7667,83.01,74,40,12.66
457,Ninotsminda,GE,2021-07-15 00:44:26,41.2646,43.5916,54.05,92,100,3.69
458,Beringovskiy,RU,2021-07-15 00:44:26,63.05,179.3167,59.2,68,5,13.02
459,Ambanja,MG,2021-07-15 00:44:26,-13.6833,48.45,66.58,75,2,3.6
460,Jutai,BR,2021-07-15 00:44:27,-5.1833,-68.9,75.6,84,79,2.77
461,Vysokogornyy,RU,2021-07-15 00:44:27,50.1167,139.15,69.8,97,100,2.13
462,Saint-Philippe,RE,2021-07-15 00:44:27,-21.3585,55.7679,65.75,75,31,10.45
463,Tupik,RU,2021-07-15 00:44:28,54.4253,119.9327,64.4,86,100,7.56
464,Narsaq,GL,2021-07-15 00:44:28,60.9167,-46.05,48.42,82,15,2.13
465,Dali,CN,2021-07-15 00:44:28,25.7,100.1833,66.2,85,100,4.47
466,Honiara,SB,2021-07-15 00:44:28,-9.4333,159.95,88.83,61,27,12.26
467,Buenaventura,CO,2021-07-15 00:44:29,3.8801,-77.0312,76.05,93,100,2.17
468,Roswell,US,2021-07-15 00:39:57,34.0232,-84.3616,82.54,82,1,3.44
469,Ongandjera,NA,2021-07-15 00:44:30,-17.8833,15.0667,55.69,37,0,12.75
470,Saint-Augustin,CA,2021-07-15 00:43:08,51.226,-58.6502,65.48,55,100,14.76
471,Batagay-Alyta,RU,2021-07-15 00:44:30,67.8006,130.4114,54.59,53,81,9.17
472,Manta,EC,2021-07-15 00:40:21,-0.95,-80.7333,71.4,87,83,7.92
473,Surt,LY,2021-07-15 00:44:31,31.2089,16.5887,79.41,63,0,6.08
474,Kudahuvadhoo,MV,2021-07-15 00:44:31,2.6708,72.8944,81.81,72,35,7.02
475,Carinhanha,BR,2021-07-15 00:44:31,-14.3047,-43.765,73.72,53,9,9.37
476,Rawson,AR,2021-07-15 00:44:31,-43.3002,-65.1023,49.73,50,0,24.74
477,Andenes,NO,2021-07-15 00:44:32,69.3143,16.1194,59.47,93,90,5.75
478,Choix,MX,2021-07-15 00:44:32,26.7092,-108.3219,83.43,67,99,3.02
479,Abha,SA,2021-07-15 00:44:32,18.2164,42.5053,67.82,77,0,0.0
480,Pontianak,ID,2021-07-15 00:44:32,-0.0333,109.3333,73.38,94,20,4.61
481,Talaja,IN,2021-07-15 00:44:33,21.35,72.05,81.99,81,100,4.61
482,Kismayo,SO,2021-07-15 00:44:33,-0.3582,42.5454,75.69,81,37,17.85
483,Lom Sak,TH,2021-07-15 00:44:33,16.7798,101.2422,76.89,100,75,0.0
484,Mount Gambier,AU,2021-07-15 00:44:33,-37.8333,140.7667,51.71,100,90,11.5
485,Banamba,ML,2021-07-15 00:44:34,13.55,-7.45,80.67,62,99,8.93
486,Upington,ZA,2021-07-15 00:44:34,-28.4478,21.2561,34.18,44,0,0.0
487,Show Low,US,2021-07-15 00:44:34,34.2542,-110.0298,82.11,50,100,3.0
488,Los Llanos De Aridane,ES,2021-07-15 00:44:34,28.6585,-17.9182,69.12,83,75,16.11
489,Sarahan,IN,2021-07-15 00:44:35,31.5167,77.8,64.06,86,65,0.27
490,Bauchi,NG,2021-07-15 00:44:35,10.5,10.0,72.9,87,100,1.7
491,Halapitan,PH,2021-07-15 00:44:35,7.9175,125.33,82.0,73,27,1.97
492,Huangpi,CN,2021-07-15 00:44:35,30.8845,114.3779,93.31,55,0,8.95
493,Trairi,BR,2021-07-15 00:43:53,-3.2778,-39.2689,79.21,79,10,10.31
494,Bilma,NE,2021-07-15 00:44:36,18.6853,12.9164,92.7,13,23,11.56
495,Meulaboh,ID,2021-07-15 00:40:14,4.1363,96.1285,77.36,85,100,3.71
496,Carnarvon,AU,2021-07-15 00:44:36,-24.8667,113.6333,55.47,57,0,3.44
497,Chekhov,RU,2021-07-15 00:44:36,55.1431,37.4711,71.1,82,100,4.54
498,Tsimlyansk,RU,2021-07-15 00:44:36,47.6461,42.1019,72.55,50,3,6.44
499,Faya,SA,2021-07-15 00:44:37,18.3851,42.4509,68.11,54,94,6.93
500,Dunedin,NZ,2021-07-15 00:44:37,-45.8742,170.5036,48.79,58,100,10.0
501,Shakawe,BW,2021-07-15 00:44:37,-18.3667,21.85,45.81,39,6,6.64
502,Bafra,TR,2021-07-15 00:44:37,41.5678,35.9069,74.98,74,0,8.84
503,Maracacume,BR,2021-07-15 00:44:38,-2.0428,-45.9592,72.54,94,7,3.2
504,Honningsvag,NO,2021-07-15 00:44:38,70.9821,25.9704,49.41,85,0,7.92
505,Neiafu,TO,2021-07-15 00:44:38,-18.65,-173.9833,83.08,78,40,9.22
506,Taicheng,CN,2021-07-15 00:44:38,38.731,113.228,78.15,72,89,4.65
507,Moose Factory,CA,2021-07-15 00:44:39,51.2585,-80.6094,56.21,69,0,4.76
508,Alexandria,EG,2021-07-15 00:42:17,31.2156,29.9553,78.76,78,0,8.05
509,Wanning,CN,2021-07-15 00:44:39,18.8003,110.3967,86.22,70,58,3.06
510,Zaporizhzhya,UA,2021-07-15 00:44:39,47.8167,35.1833,70.47,60,0,0.0
511,Gat,IL,2021-07-15 00:44:39,31.61,34.7642,78.4,80,0,1.3
512,Beira,MZ,2021-07-15 00:44:40,-19.8436,34.8389,71.69,83,40,13.8
513,Presidencia Roque Saenz Pena,AR,2021-07-15 00:44:40,-26.7852,-60.4388,62.83,89,98,11.36
514,Luanda,AO,2021-07-15 00:44:40,-8.8368,13.2343,71.6,83,75,5.75
515,Jiaonan,CN,2021-07-15 00:44:40,35.8786,119.9753,80.62,96,100,9.57
516,Mitu,CO,2021-07-15 00:44:40,1.1983,-70.1733,71.76,98,97,1.39
517,Vilcun,CL,2021-07-15 00:44:41,-38.65,-72.2333,45.34,84,100,2.75
518,Rio De Jesus,PA,2021-07-15 00:44:41,7.9844,-81.1631,77.68,89,100,2.64
519,Carutapera,BR,2021-07-15 00:44:41,-1.195,-46.02,76.6,88,73,8.05
520,Taksimo,RU,2021-07-15 00:44:41,56.3444,114.8794,65.68,68,100,3.47
521,Nuuk,GL,2021-07-15 00:40:43,64.1835,-51.7216,47.01,93,90,16.11
522,Yerbogachen,RU,2021-07-15 00:44:42,61.2767,108.0108,63.18,66,100,13.13
523,Kikwit,CD,2021-07-15 00:44:42,-5.041,18.8162,69.55,27,13,1.79
524,Omboue,GA,2021-07-15 00:44:42,-1.5746,9.2618,70.9,85,78,6.04
525,Obihiro,JP,2021-07-15 00:44:42,42.9172,143.2044,65.61,76,21,2.44
526,Sur,OM,2021-07-15 00:44:43,22.5667,59.5289,84.92,74,98,7.0
527,San Vicente,AR,2021-07-15 00:44:43,-26.6167,-54.1333,67.95,51,69,5.88
528,Sudak,UA,2021-07-15 00:42:26,44.85,34.9667,75.43,67,0,7.61
529,Lazaro Cardenas,MX,2021-07-15 00:44:43,17.9583,-102.2,82.92,81,89,4.54
530,Bandarbeyla,SO,2021-07-15 00:39:53,9.4942,50.8122,77.83,74,100,25.37
531,Villa Bruzual,VE,2021-07-15 00:44:43,9.3328,-69.1208,75.63,86,100,2.37
532,Alugan,PH,2021-07-15 00:44:44,12.2188,125.4808,83.75,72,21,3.22
533,Kutum,SD,2021-07-15 00:44:44,14.2,24.6667,75.88,57,98,6.35
534,Longyearbyen,SJ,2021-07-15 00:44:44,78.2186,15.6401,42.64,87,75,3.44
535,Karasburg,NA,2021-07-15 00:44:44,-28.0167,18.75,38.64,29,0,10.0
536,Vitre,FR,2021-07-15 00:44:45,48.1178,-1.2058,58.82,97,16,6.93
537,Alofi,NU,2021-07-15 00:44:45,-19.0595,-169.9187,82.29,78,75,8.05
538,Tautira,PF,2021-07-15 00:44:45,-17.7333,-149.15,86.02,67,1,16.15
539,Along,IN,2021-07-15 00:44:45,28.1667,94.7667,75.04,99,100,0.49
540,Olafsvik,IS,2021-07-15 00:44:46,64.8945,-23.7142,48.65,91,100,15.95
541,Maple Creek,CA,2021-07-15 00:42:17,49.9168,-109.4848,86.45,24,4,9.13
542,Pondicherry,IN,2021-07-15 00:44:46,11.93,79.83,80.08,81,100,10.25
543,Piripiri,BR,2021-07-15 00:44:46,-4.2733,-41.7769,75.74,69,87,3.74
544,Maniitsoq,GL,2021-07-15 00:44:47,65.4167,-52.9,41.99,97,100,8.41
545,Lugovoy,KZ,2021-07-15 00:44:47,42.9472,72.7644,64.89,47,19,7.0
546,Mercedes,AR,2021-07-15 00:43:11,-34.6515,-59.4307,51.85,86,100,7.31
547,Talara,PE,2021-07-15 00:44:47,-4.5772,-81.2719,68.76,83,0,16.11
548,Roma,US,2021-07-15 00:40:16,43.2128,-75.4557,75.88,89,1,3.74
549,Ketchikan,US,2021-07-15 00:41:34,55.3422,-131.6461,61.27,67,90,3.44
550,Xinzhi,CN,2021-07-15 00:44:47,36.4989,111.7047,89.15,53,26,2.24
551,Aykhal,RU,2021-07-15 00:40:01,66.0,111.5,54.07,48,15,6.42
552,Marawi,PH,2021-07-15 00:44:48,7.9986,124.2928,79.65,69,20,2.13
553,Puerto Rondon,CO,2021-07-15 00:44:48,6.2805,-71.1,72.3,93,100,3.4
554,Rossland,CA,2021-07-15 00:44:48,49.0831,-117.8022,93.61,17,4,1.01
555,North Myrtle Beach,US,2021-07-15 00:43:44,33.816,-78.68,82.49,82,1,1.01
556,Russell,US,2021-07-15 00:44:48,32.3502,-85.1999,83.52,87,20,0.0
557,Sitka,US,2021-07-15 00:42:19,57.0531,-135.33,57.09,72,75,4.61
558,Homer,US,2021-07-15 00:44:49,59.6425,-151.5483,65.08,72,75,11.5
559,Sturgeon Bay,US,2021-07-15 00:44:49,44.8342,-87.377,68.22,94,75,6.91
560,Tulun,RU,2021-07-15 00:44:49,54.5611,100.5792,70.99,57,3,2.06
561,Opuwo,NA,2021-07-15 00:44:49,-18.0607,13.84,54.79,39,0,9.33
562,Beyneu,KZ,2021-07-15 00:41:17,45.3167,55.2,77.83,39,16,4.12
563,Ola,RU,2021-07-15 00:44:50,59.5833,151.2833,62.2,73,100,3.0
564,Kalmunai,LK,2021-07-15 00:44:50,7.4167,81.8167,80.35,80,100,1.68
565,Savinka,RU,2021-07-15 00:44:50,50.0785,47.0994,66.76,87,25,7.05
566,Morondava,MG,2021-07-15 00:44:50,-20.2833,44.2833,69.53,53,0,9.57
567,Crusetu,RO,2021-07-15 00:44:51,44.6333,23.6667,70.21,79,0,6.76
568,Conway,US,2021-07-15 00:42:12,35.0887,-92.4421,91.38,43,1,11.5
569,Liling,CN,2021-07-15 00:44:51,27.6667,113.5,87.69,56,100,6.06
570,Musafirkhana,IN,2021-07-15 00:44:51,26.3667,81.8,86.67,67,92,10.27
571,Fecamp,FR,2021-07-15 00:44:51,49.7579,0.3746,63.48,92,46,10.98
572,Ust-Kuyga,RU,2021-07-15 00:44:52,70.0167,135.6,53.29,43,71,17.96
573,Ahipara,NZ,2021-07-15 00:44:52,-35.1667,173.1667,57.31,57,22,9.1
574,Sao Joao Da Barra,BR,2021-07-15 00:44:52,-21.6403,-41.0511,71.73,90,13,14.81
575,Taloqan,AF,2021-07-15 00:44:52,36.7361,69.5345,79.3,23,96,5.79
576,Usak,TR,2021-07-15 00:44:53,38.5,29.4167,66.67,60,0,8.7
577,Mossendjo,CG,2021-07-15 00:44:53,-2.9506,12.7261,64.47,96,49,2.75
578,Port-Gentil,GA,2021-07-15 00:44:53,-0.7193,8.7815,74.59,78,77,11.56
579,Cabedelo,BR,2021-07-15 00:44:53,-6.9811,-34.8339,75.87,87,4,12.93
580,Frankfort,ZA,2021-07-15 00:44:54,-27.2667,28.4833,33.15,78,3,5.14
581,Popondetta,PG,2021-07-15 00:44:54,-8.7537,148.2534,89.4,51,100,3.78
582,Independencia,BR,2021-07-15 00:44:54,-5.3964,-40.3086,74.61,47,50,4.79
583,Bima,ID,2021-07-15 00:44:54,-8.4667,118.7167,80.42,59,100,7.38
584,San Jose Del Guaviare,CO,2021-07-15 00:44:54,2.5729,-72.6459,72.18,97,100,1.14
585,Cruz Alta,BR,2021-07-15 00:44:55,-28.6386,-53.6064,71.58,88,100,3.51
586,Kapit,MY,2021-07-15 00:44:55,2.0167,112.9333,73.47,95,100,1.3
587,Northam,GB,2021-07-15 00:40:25,51.0333,-4.2167,59.41,94,8,6.64
588,Belyy Yar,RU,2021-07-15 00:44:55,53.6039,91.3903,67.89,83,0,4.47
